{"cameraMode":{"drawMode":2,"name":"Shaded Wireframe","section":"Shading Mode"},"sceneLighting":true,"audioPlay":false,"sceneViewState":{"showFog":true,"showMaterialUpdate":false,"showSkybox":true,"showFlares":true,"showImageEffects":true,"showParticleSystems":true},"in2DMode":false,"pivot":{"x":21.684234619140626,"y":-2.3728091716766359,"z":1.7854585647583008},"rotation":{"x":-0.1794862002134323,"y":-0.7223985195159912,"z":0.20390531420707704,"w":-0.6359206438064575},"size":10.057267189025879,"orthographic":false}