{"cameraMode":{"drawMode":0,"name":"Shaded","section":"Shading Mode"},"sceneLighting":true,"audioPlay":false,"sceneViewState":{"showFog":true,"showMaterialUpdate":false,"showSkybox":true,"showFlares":true,"showImageEffects":true,"showParticleSystems":true},"in2DMode":false,"pivot":{"x":19.6200008392334,"y":5.512216091156006,"z":8.725619316101075},"rotation":{"x":0.014885250478982926,"y":-0.35166624188423159,"z":-0.0055921184830367569,"w":-0.9360004663467407},"size":4.4814300537109379,"orthographic":false}