{"cameraMode":{"drawMode":2,"name":"Shaded Wireframe","section":"Shading Mode"},"sceneLighting":true,"audioPlay":false,"sceneViewState":{"showFog":true,"showMaterialUpdate":false,"showSkybox":true,"showFlares":true,"showImageEffects":true,"showParticleSystems":true},"in2DMode":false,"pivot":{"x":11.043411254882813,"y":-2.034555435180664,"z":11.380440711975098},"rotation":{"x":-0.2509205639362335,"y":0.11872744560241699,"z":-0.031022733077406884,"w":-0.9602251648902893},"size":10.057267189025879,"orthographic":false}