{"cameraMode":{"drawMode":2,"name":"Shaded Wireframe","section":"Shading Mode"},"sceneLighting":true,"audioPlay":false,"sceneViewState":{"showFog":true,"showMaterialUpdate":false,"showSkybox":true,"showFlares":true,"showImageEffects":true,"showParticleSystems":true},"in2DMode":false,"pivot":{"x":18.57272720336914,"y":4.107028007507324,"z":7.073019504547119},"rotation":{"x":-0.020066114142537118,"y":-0.9599326252937317,"z":0.07126064598560333,"w":-0.27032625675201418},"size":3.8881747722625734,"orthographic":false}